{
  "feat_tag": "baseline",
  "train_acc": 0.8328767123287671,
  "test_acc": 0.3089887640449438
}