{
  "feat_tag": "baseline_hist_eq_affine",
  "train_acc": 0.5534246575342465,
  "test_acc": 0.20224719101123595
}