{
  "feat_tag": "baseline",
  "train_acc": 0.36164383561643837,
  "test_acc": 0.2303370786516854
}